{"cameraMode":{"drawMode":0,"name":"Shaded","section":"Shading Mode"},"sceneLighting":false,"audioPlay":false,"sceneViewState":{"showFog":true,"showMaterialUpdate":false,"showSkybox":true,"showFlares":true,"showImageEffects":true,"showParticleSystems":true},"in2DMode":false,"pivot":{"x":3.0020744800567629,"y":1.1501563787460328,"z":3.3764500617980959},"rotation":{"x":-0.34994831681251528,"y":0.07771545648574829,"z":-0.029146965593099595,"w":-0.9330846667289734},"size":4.458353042602539,"orthographic":false}