{"cameraMode":{"drawMode":0,"name":"Shaded","section":"Shading Mode"},"sceneLighting":true,"audioPlay":false,"sceneViewState":{"showFog":true,"showMaterialUpdate":false,"showSkybox":true,"showFlares":true,"showImageEffects":true,"showParticleSystems":true},"in2DMode":false,"pivot":{"x":0.7007442712783814,"y":1.2560951709747315,"z":-0.27604633569717409},"rotation":{"x":-0.04348548874258995,"y":0.005994289182126522,"z":0.0002609167422633618,"w":0.9990360736846924},"size":22.19573211669922,"orthographic":false}